<?xml version="1.0" encoding="UTF-8" standalone="no"?>
<registration_data version="1.0">
   <environment>
      <hostname>intel-tinevez-2-302</hostname>
      <hostId>007f0101</hostId>
      <osName>Linux</osName>
      <osVersion>2.6.32-28-generic</osVersion>
      <osArchitecture>amd64</osArchitecture>
      <systemModel>unknown</systemModel>
      <systemManufacturer/>
      <cpuManufacturer>GenuineIntel</cpuManufacturer>
      <serialNumber/>
   </environment>
   <registry urn="urn:st:3c798efe-e488-4ab2-8fe9-bf2a4f731e9e" version="1.0">
      <service_tag>
         <instance_urn>urn:st:c9dd0ed1-5b03-48ca-9737-82355441aff5</instance_urn>
         <product_name>Java SE 6 Development Kit</product_name>
         <product_version>1.6.0_24</product_version>
         <product_urn>urn:uuid:b58ef9a8-5ae8-11db-a023-080020a9ed93</product_urn>
         <product_parent_urn>urn:uuid:fdc90b21-018d-4cab-b866-612c7c119ed3</product_parent_urn>
         <product_parent>Java Platform Standard Edition 6 (Java SE 6)</product_parent>
         <product_defined_inst_id>id=1.6.0_24-b07 amd64,dir=/home/schindel/fiji/java/linux-amd64/jdk1.6.0_24/jre</product_defined_inst_id>
         <product_vendor>Sun Microsystems</product_vendor>
         <platform_arch>amd64</platform_arch>
         <timestamp>2011-02-23 14:52:19 GMT</timestamp>
         <container>global</container>
         <source>jdk-6u24-fcs-bin-b07-linux-amd64-02_feb_2011.bin</source>
         <installer_uid>-1</installer_uid>
      </service_tag>
   </registry>
</registration_data>
